Drug_ID,Drug_1,Drug_2,Drug_3,Drug_4,Drug_5,Drug_6,Drug_7,Drug_8,Drug_9,Drug_10,Drug_11,Drug_12,Drug_13,Drug_14,Drug_15,Drug_16,Drug_17,Drug_18,Drug_19,Drug_20,Drug_21,Drug_22,Drug_23,Drug_24,Drug_25,Drug_26,Drug_27,Drug_28,Drug_29,Drug_30,Drug_31,Drug_32,Drug_33,Drug_34,Drug_35,Drug_36,Drug_37,Drug_38,Drug_39,Drug_40,Drug_41,Drug_42,Drug_43,Drug_44,Drug_45,Drug_46,Drug_47,Drug_48,Drug_49,Drug_50,Drug_51,Drug_52,Drug_53,Drug_54,Drug_55,Drug_56,Drug_57,Drug_58,Drug_59,Drug_60,Drug_61,Drug_62,Drug_63,Drug_64,Drug_65,Drug_66,Drug_67,Drug_68,Drug_69,Drug_70,Drug_71,Drug_72,Drug_73,Drug_74,Drug_75,Drug_76,Drug_77,Drug_78,Drug_79,Drug_80,Drug_81,Drug_82,Drug_83,Drug_84,Drug_85,Drug_86,Drug_87,Drug_88,Drug_89,Drug_90,Drug_91,Drug_92,Drug_93,Drug_94,Drug_95,Drug_96,Drug_97,Drug_98,Drug_99,Drug_100
Drug_1,0,1,1,0,1,1,1,0,1,1,0,1,0,1,1,1,1,1,0,0,0,0,1,1,0,1,1,1,0,0,1,0,1,0,1,1,1,1,1,1,1,1,1,1,1,0,0,0,1,0,0,0,0,1,1,1,0,0,1,0,1,0,1,0,0,1,0,0,1,0,1,0,0,1,1,1,1,1,0,0,1,1,0,0,1,1,0,0,0,0,1,0,0,0,1,0,1,1,1,1
Drug_2,1,0,1,1,0,0,0,0,1,0,0,0,0,0,0,0,1,1,1,1,0,0,1,1,1,0,0,1,0,1,0,0,0,1,0,0,0,0,1,1,1,0,1,1,1,1,1,1,0,0,1,1,1,0,0,0,0,1,0,0,1,1,1,0,1,1,0,1,1,1,1,1,0,0,1,1,1,1,1,0,1,0,1,1,1,0,1,0,1,1,0,0,1,1,1,0,0,1,0,1
Drug_3,1,1,0,1,1,0,0,0,0,1,0,1,0,0,0,1,0,0,1,1,1,1,1,1,0,1,0,1,0,0,0,1,1,1,1,0,1,1,1,0,1,1,1,1,1,1,1,0,0,1,0,1,0,1,1,1,1,0,1,0,0,1,0,1,0,1,0,0,1,0,0,1,1,1,1,0,1,1,1,1,0,0,0,1,0,0,1,0,0,1,0,1,0,0,1,0,1,1,1,1
Drug_4,0,1,1,0,0,0,1,0,0,0,0,1,0,1,0,0,1,1,1,1,0,1,1,0,0,1,1,1,1,1,1,1,0,1,1,0,0,1,1,1,1,0,1,1,0,0,1,1,0,1,0,0,1,0,0,0,1,1,0,1,0,0,1,1,1,0,0,0,1,1,0,1,1,1,1,0,1,0,0,0,1,1,0,1,0,1,0,1,1,1,1,1,0,0,1,0,1,0,0,1
Drug_5,1,0,1,0,0,1,1,0,0,0,0,1,1,0,0,0,0,1,1,1,1,0,1,0,1,1,1,0,1,0,1,1,0,1,0,1,1,0,1,1,0,0,1,0,0,0,0,1,0,0,0,0,0,0,0,1,0,0,1,0,0,1,0,0,0,0,0,1,0,1,0,0,1,0,0,1,0,0,1,1,1,0,1,0,0,1,1,0,0,1,1,1,0,1,1,0,0,1,0,0
Drug_6,1,0,0,0,1,0,0,1,1,1,1,1,1,0,0,0,1,1,0,1,1,1,1,1,0,1,1,1,1,1,0,1,0,0,0,0,1,0,1,0,0,1,0,1,1,1,0,1,1,1,0,0,0,1,0,0,1,1,0,1,0,1,0,1,0,0,1,1,1,1,0,0,0,1,0,0,0,0,0,1,1,1,1,0,1,1,1,0,0,0,0,0,0,1,1,1,1,1,1,1
Drug_7,1,0,0,1,1,0,0,0,0,1,1,0,1,1,1,0,0,1,0,0,0,1,0,0,1,1,1,0,0,1,1,0,0,1,0,1,0,1,0,1,0,1,0,1,1,1,1,1,0,1,0,1,0,1,1,0,1,0,0,1,1,0,1,1,1,0,1,0,0,0,0,1,1,0,0,0,0,1,0,0,0,0,0,1,1,1,1,1,0,1,0,1,1,1,1,0,1,0,1,1
Drug_8,0,0,0,0,0,1,0,0,1,0,0,1,1,0,0,1,1,0,1,0,1,1,0,0,1,0,1,0,0,0,0,1,1,0,1,1,1,1,1,1,0,1,0,1,0,1,1,1,0,1,0,0,1,1,1,0,0,1,1,1,0,0,1,1,0,1,1,0,0,1,1,0,0,0,0,0,1,0,0,1,0,1,0,0,0,0,1,0,1,1,0,1,1,1,0,0,1,1,0,1
Drug_9,1,1,0,0,0,1,0,1,0,1,1,1,1,1,0,0,0,1,0,1,1,0,0,1,0,0,1,1,0,1,0,0,1,1,0,1,0,1,1,0,1,0,1,0,0,1,0,1,0,0,0,1,1,0,1,1,0,0,0,1,0,0,1,0,1,0,1,0,0,0,1,1,0,0,1,0,0,0,1,1,0,1,0,1,0,0,1,0,0,1,1,0,1,1,1,0,1,0,1,0
Drug_10,1,0,1,0,0,1,1,0,1,0,0,1,0,0,1,1,0,1,1,0,0,0,1,0,1,0,0,0,0,1,1,1,1,1,0,0,1,1,0,1,1,0,1,1,1,1,1,1,0,1,1,1,1,0,1,0,1,0,1,1,0,0,1,1,1,1,1,0,1,1,1,0,1,1,1,0,0,1,1,0,0,0,1,0,0,0,0,1,1,1,0,0,1,1,1,1,0,0,1,1
Drug_11,0,0,0,0,0,1,1,0,1,0,0,1,1,0,0,0,0,1,1,0,1,1,1,0,1,1,0,0,0,0,1,0,1,0,1,1,0,1,1,0,0,1,0,0,0,0,0,1,0,1,1,1,0,0,0,1,1,1,1,1,0,0,1,0,1,1,1,0,0,0,1,0,0,0,1,0,0,1,0,1,1,0,1,0,1,0,1,0,0,0,0,1,0,0,0,0,1,0,1,0
Drug_12,1,0,1,1,1,1,0,1,1,1,1,0,1,1,1,1,0,1,1,1,0,0,0,1,1,1,1,0,1,0,1,1,1,1,0,1,0,1,0,1,0,1,1,0,0,0,0,1,1,1,0,0,1,1,0,0,1,1,1,1,1,0,0,1,1,0,0,1,0,0,1,1,1,1,0,0,1,0,1,1,1,1,0,1,0,0,1,1,0,1,1,1,0,0,0,1,1,1,1,0
Drug_13,0,0,0,0,1,1,1,1,1,0,1,1,0,0,1,0,0,0,0,1,1,1,0,0,1,1,0,1,1,1,1,1,1,0,1,1,0,1,1,0,1,1,0,0,1,0,1,0,0,0,0,0,0,1,1,1,0,1,0,1,1,0,0,0,1,1,1,1,0,1,1,1,1,1,0,0,1,1,0,1,1,0,1,1,1,1,1,1,0,1,1,1,0,1,0,1,0,1,1,1
Drug_14,1,0,0,1,0,0,1,0,1,0,0,1,0,0,1,0,0,1,1,0,0,0,0,0,0,0,0,0,1,1,1,0,0,0,0,1,1,1,0,1,1,1,0,0,0,0,0,1,0,0,1,1,0,1,0,0,1,0,1,1,1,1,0,1,1,0,0,1,0,1,1,0,0,1,1,0,0,1,1,1,0,1,0,0,0,1,1,0,0,1,1,0,1,1,1,1,0,1,1,0
Drug_15,1,0,0,0,0,0,1,0,0,1,0,1,1,1,0,0,0,1,1,0,1,1,0,1,1,0,0,0,1,0,1,1,1,1,0,0,0,1,1,0,0,0,0,0,0,1,1,0,0,1,0,1,0,1,0,1,1,0,1,1,0,1,1,0,0,0,0,1,1,0,0,0,1,0,1,1,0,0,1,1,1,1,1,1,0,0,1,0,0,1,0,0,0,0,1,1,1,1,0,0
Drug_16,1,0,1,0,0,0,0,1,0,1,0,1,0,0,0,0,1,1,0,1,0,0,0,1,0,0,0,0,0,0,1,0,0,0,1,1,0,0,0,0,1,0,1,1,0,1,0,0,1,1,1,0,0,1,1,0,1,1,1,1,1,0,1,1,0,1,0,0,1,0,1,0,1,1,0,1,0,1,0,1,0,1,1,0,0,0,1,1,0,0,0,0,1,0,1,1,0,0,0,0
Drug_17,1,1,0,1,0,1,0,1,0,0,0,0,0,0,0,1,0,1,0,0,1,0,1,1,1,1,1,1,1,1,1,1,0,1,1,0,1,1,1,0,0,0,0,1,1,1,0,0,1,0,1,0,1,1,1,1,1,1,0,1,0,0,1,0,0,0,0,0,0,1,0,0,0,0,0,0,1,1,0,1,1,0,0,1,0,0,1,1,0,1,0,0,0,0,0,0,1,1,1,1
Drug_18,1,1,0,1,1,1,1,0,1,1,1,1,0,1,1,1,1,0,0,1,1,1,0,0,1,0,0,0,1,1,1,1,0,0,0,0,1,1,1,0,0,0,0,1,1,0,0,1,0,0,1,0,0,0,1,0,1,0,0,1,1,1,0,0,1,0,0,1,0,0,1,1,1,0,1,1,1,0,1,1,1,0,1,0,1,0,0,0,1,0,1,0,1,1,1,0,0,0,1,1
Drug_19,0,1,1,1,1,0,0,1,0,1,1,1,0,1,1,0,0,0,0,1,1,0,0,0,0,1,1,1,0,0,0,1,0,1,1,0,1,1,1,0,0,0,1,0,0,1,1,1,1,0,0,0,1,1,1,1,1,0,1,1,0,1,0,1,0,0,1,0,1,1,1,1,1,1,1,0,1,1,0,1,1,0,1,1,1,1,0,1,1,1,1,1,0,0,0,0,1,0,1,1
Drug_20,0,1,1,1,1,1,0,0,1,0,0,1,1,0,0,1,0,1,1,0,0,1,1,0,1,0,1,0,1,1,0,1,1,1,1,0,1,0,0,0,1,0,0,1,1,1,0,0,0,1,0,0,1,1,1,1,0,1,0,1,0,1,1,0,0,0,1,1,1,1,0,1,1,1,0,1,1,1,0,1,0,0,0,1,0,0,0,0,0,1,1,1,0,1,0,0,1,1,0,0
Drug_21,0,0,1,0,1,1,0,1,1,0,1,0,1,0,1,0,1,1,1,0,0,1,1,1,0,0,0,1,0,0,0,1,1,0,1,0,1,1,1,1,1,0,1,1,1,0,1,0,0,1,0,0,1,0,0,1,0,1,1,0,1,1,0,1,0,0,1,1,0,0,1,1,0,1,0,1,0,0,1,1,1,1,1,1,1,0,0,0,0,1,0,1,0,1,0,1,1,0,0,1
Drug_22,0,0,1,1,0,1,1,1,0,0,1,0,1,0,1,0,0,1,0,1,1,0,1,0,1,0,1,0,0,1,0,1,1,1,0,1,0,0,0,1,1,0,0,0,0,0,1,1,0,1,1,1,1,0,0,1,0,1,0,0,0,0,1,0,1,1,0,1,1,1,1,0,0,1,1,1,1,1,1,0,0,1,1,0,1,0,1,0,1,1,1,1,1,0,1,1,0,0,0,1
Drug_23,1,1,1,1,1,1,0,0,0,1,1,0,0,0,0,0,1,0,0,1,1,1,0,0,0,0,1,1,0,1,0,0,1,0,1,0,1,1,0,1,0,0,1,1,0,1,0,0,0,0,1,0,0,0,1,0,0,1,0,1,0,1,0,0,1,0,0,0,1,1,1,0,1,0,0,0,0,0,1,1,0,0,1,1,0,0,0,0,0,1,1,1,1,0,0,1,0,0,1,0
Drug_24,1,1,1,0,0,1,0,0,1,0,0,1,0,0,1,1,1,0,0,0,1,0,0,0,1,0,0,1,1,0,0,1,1,0,0,1,0,0,1,1,0,1,1,1,0,1,0,0,0,0,1,0,0,0,1,1,1,1,1,0,0,1,0,1,0,0,0,1,1,0,1,1,0,0,0,0,1,0,1,0,1,0,0,0,0,0,0,1,1,1,0,1,0,1,0,0,1,1,1,0
Drug_25,0,1,0,0,1,0,1,1,0,1,1,1,1,0,1,0,1,1,0,1,0,1,0,1,0,1,0,1,1,1,0,1,0,1,0,1,0,0,0,0,0,0,0,0,1,1,1,0,0,0,1,0,1,0,1,1,1,0,1,0,0,0,0,0,1,0,1,1,1,1,0,1,0,1,0,1,1,0,1,1,1,0,0,0,0,1,0,0,1,0,1,0,1,1,0,0,0,1,1,0
Drug_26,1,0,1,1,1,1,1,0,0,0,1,1,1,0,0,0,1,0,1,0,0,0,0,0,1,0,0,1,0,0,0,1,1,1,0,0,0,1,0,0,1,0,0,1,1,1,1,1,1,1,1,0,0,0,0,0,0,0,0,1,1,1,1,0,1,0,1,1,1,1,0,0,0,1,0,0,1,0,0,0,1,1,0,1,1,0,0,1,1,0,0,1,0,0,0,0,0,0,0,0
Drug_27,1,0,0,1,1,1,1,1,1,0,0,1,0,0,0,0,1,0,1,1,0,1,1,0,0,0,0,1,1,0,1,0,0,0,0,1,0,0,1,0,0,1,0,0,1,1,1,0,1,1,0,1,0,0,1,1,1,0,0,0,1,1,1,1,0,0,1,1,0,1,0,0,0,1,1,1,1,1,1,1,1,0,0,1,0,0,1,0,1,1,0,0,0,0,0,1,0,0,1,1
Drug_28,1,1,1,1,0,1,0,0,1,0,0,0,1,0,0,0,1,0,1,0,1,0,1,1,1,1,1,0,0,0,0,1,1,0,1,0,0,1,1,0,1,0,0,0,0,0,0,1,0,1,0,0,1,0,1,0,0,0,0,0,1,0,1,1,0,1,1,1,0,0,1,1,1,0,1,0,0,1,1,1,0,0,0,1,0,0,1,0,0,1,0,1,0,0,1,1,0,0,1,1
Drug_29,0,0,0,1,1,1,0,0,0,0,0,1,1,1,1,0,1,1,0,1,0,0,0,1,1,0,1,0,0,0,1,0,0,0,1,1,0,0,0,1,1,1,0,1,1,1,1,1,0,1,0,0,1,0,0,1,0,1,1,0,0,1,0,1,0,0,0,1,1,0,1,0,1,0,0,0,1,0,0,1,1,1,1,0,0,0,1,1,0,0,1,0,1,0,1,1,0,0,0,0
Drug_30,0,1,0,1,0,1,1,0,1,1,0,0,1,1,0,0,1,1,0,1,0,1,1,0,1,0,0,0,0,0,0,1,0,1,0,1,1,1,1,1,0,1,0,1,1,1,0,1,0,1,1,1,1,0,1,0,0,0,0,1,1,0,0,1,1,1,0,1,1,0,1,0,0,0,1,0,0,0,0,0,0,1,0,1,0,0,1,1,0,0,1,1,1,1,1,0,1,0,1,0
Drug_31,1,0,0,1,1,0,1,0,0,1,1,1,1,1,1,1,1,1,0,0,0,0,0,0,0,0,1,0,1,0,0,0,0,0,0,1,1,1,1,1,1,1,0,0,1,1,0,1,0,1,1,0,0,1,1,1,0,1,1,1,1,1,0,0,0,1,1,1,1,1,0,0,1,0,1,1,1,0,0,0,1,1,0,0,0,0,0,0,0,0,1,0,1,0,1,1,1,1,0,0
Drug_32,0,0,1,1,1,1,0,1,0,1,0,1,1,0,1,0,1,1,1,1,1,1,0,1,1,1,0,1,0,1,0,0,0,1,1,1,0,1,1,1,0,1,0,1,0,1,0,0,0,0,0,0,1,1,0,0,1,0,0,0,0,1,1,1,1,1,1,1,1,0,1,1,1,0,0,1,1,1,0,1,0,1,1,1,1,1,1,0,0,0,0,1,1,0,0,1,1,1,1,1
Drug_33,1,0,1,0,0,0,0,1,1,1,1,1,1,0,1,0,0,0,0,1,1,1,1,1,0,1,0,1,0,0,0,0,0,1,0,0,1,0,1,1,1,0,0,1,0,1,0,1,0,1,0,0,1,0,1,1,1,1,1,1,1,0,1,0,0,1,0,0,1,1,1,0,0,0,0,1,1,1,0,1,0,0,1,1,0,1,0,0,1,1,0,0,0,1,0,0,1,1,1,1
Drug_34,0,1,1,1,1,0,1,0,1,1,0,1,0,0,1,0,1,0,1,1,0,1,0,0,1,1,0,0,0,1,0,1,1,0,1,1,0,0,0,1,0,1,0,0,0,0,0,1,1,0,0,1,1,0,0,0,1,1,1,1,1,0,1,1,1,0,0,1,0,0,0,0,0,0,0,0,1,0,1,1,0,0,0,0,0,0,1,1,1,0,1,1,0,0,0,1,1,0,1,0
Drug_35,1,0,1,1,0,0,0,1,0,0,1,0,1,0,0,1,1,0,1,1,1,0,1,0,0,0,0,1,1,0,0,1,0,1,0,1,0,0,1,0,0,1,0,0,1,0,1,1,1,0,0,1,0,1,1,0,0,0,0,0,1,0,0,0,0,1,0,1,1,1,1,0,0,0,0,1,1,1,1,0,0,0,0,0,0,1,1,1,1,0,1,1,0,0,1,1,1,1,1,1
Drug_36,1,0,0,0,1,0,1,1,1,0,1,1,1,1,0,1,0,0,0,0,0,1,0,1,1,0,1,0,1,1,1,1,0,1,1,0,1,0,0,0,0,0,0,1,1,1,0,1,1,0,0,1,1,0,1,1,0,0,1,1,0,0,1,0,1,0,1,1,1,0,0,0,0,1,1,0,0,1,1,0,1,1,0,0,1,1,0,0,1,1,1,0,1,1,1,0,1,0,0,1
Drug_37,1,0,1,0,1,1,0,1,0,1,0,0,0,1,0,0,1,1,1,1,1,0,1,0,0,0,0,0,0,1,1,0,1,0,0,1,0,1,0,0,0,1,0,1,1,1,0,0,1,1,1,1,1,0,0,0,0,1,1,1,1,0,0,0,1,0,1,0,1,0,0,0,1,0,1,0,1,0,1,0,0,1,1,0,1,0,0,1,1,0,0,0,0,1,1,1,1,0,1,1
Drug_38,1,0,1,1,0,0,1,1,1,1,1,1,1,1,1,0,1,1,1,0,1,0,1,0,0,1,0,1,0,1,1,1,0,0,0,0,1,0,1,1,1,0,0,1,1,1,0,0,0,1,1,0,0,1,0,1,1,1,1,1,0,0,0,1,0,0,0,0,1,0,1,1,0,0,1,0,0,1,1,0,0,1,0,1,0,1,1,1,1,0,0,1,0,1,0,1,0,0,1,1
Drug_39,1,1,1,1,1,1,0,1,1,0,1,0,1,0,1,0,1,1,1,0,1,0,0,1,0,0,1,1,0,1,1,1,1,0,1,0,0,1,0,0,0,0,0,0,1,0,1,1,1,0,0,1,0,1,1,0,0,0,1,0,1,1,1,0,1,0,0,0,0,1,1,0,1,0,0,1,1,1,1,0,1,0,0,1,1,0,0,0,1,1,0,1,1,1,0,1,1,1,0,1
Drug_40,1,1,0,1,1,0,1,1,0,1,0,1,0,1,0,0,0,0,0,0,1,1,1,1,0,0,0,0,1,1,1,1,1,1,0,0,0,1,0,0,0,1,0,0,0,0,0,0,0,1,0,0,1,0,0,0,1,1,0,0,0,0,0,1,0,0,1,1,1,1,1,1,1,0,1,0,0,0,0,0,1,0,1,1,0,1,1,1,1,0,1,0,0,0,1,1,0,1,1,0
Drug_41,1,1,1,1,0,0,0,0,1,1,0,0,1,1,0,1,0,0,0,1,1,1,0,0,0,1,0,1,1,0,1,0,1,0,0,0,0,1,0,0,0,0,0,0,0,1,0,1,0,1,0,1,0,0,0,0,1,0,0,0,0,1,0,1,0,1,0,0,1,1,1,0,0,0,1,0,0,1,1,1,1,1,0,1,1,1,0,0,1,0,0,1,1,1,0,1,1,1,1,1
Drug_42,1,0,1,0,0,1,1,1,0,0,1,1,1,1,0,0,0,0,0,0,0,0,0,1,0,0,1,0,1,1,1,1,0,1,1,0,1,0,0,1,0,0,1,1,0,0,0,1,0,0,1,0,0,0,0,1,0,0,1,1,0,1,1,0,1,0,1,0,1,1,0,0,0,0,1,0,0,0,1,1,0,0,1,0,0,1,1,0,0,0,1,1,1,1,0,0,1,0,1,1
Drug_43,1,1,1,1,1,0,0,0,1,1,0,1,0,0,0,1,0,0,1,0,1,0,1,1,0,0,0,0,0,0,0,0,0,0,0,0,0,0,0,0,0,1,0,0,1,1,1,0,1,1,0,1,1,1,1,1,0,0,1,0,0,0,1,0,0,0,0,1,0,0,1,1,0,1,1,1,0,0,1,0,0,0,0,0,0,0,0,0,0,1,0,1,0,1,0,0,1,1,1,0
Drug_44,1,1,1,1,0,1,1,1,0,1,0,0,0,0,0,1,1,1,0,1,1,0,1,1,0,1,0,0,1,1,0,1,1,0,0,1,1,1,0,0,0,1,0,0,0,1,0,0,1,0,1,1,0,0,1,1,0,0,0,0,1,0,0,0,1,0,0,0,1,0,0,1,1,1,0,1,0,1,1,1,0,1,0,1,1,0,0,1,1,1,0,0,0,0,0,1,0,1,1,1
Drug_45,1,1,1,0,0,1,1,0,0,1,0,0,1,0,0,0,1,1,0,1,1,0,0,0,1,1,1,0,1,1,1,0,0,0,1,1,1,1,1,0,0,0,1,0,0,0,0,1,1,1,1,1,1,1,0,1,1,0,1,1,1,1,1,1,0,0,0,1,0,0,0,1,1,0,0,1,0,0,0,1,1,0,0,1,0,1,0,0,1,1,1,0,0,1,1,0,0,1,0,0
Drug_46,0,1,1,0,0,1,1,1,1,1,0,0,0,0,1,1,1,0,1,1,0,0,1,1,1,1,1,0,1,1,1,1,1,0,0,1,1,1,0,0,1,0,1,1,0,0,0,0,0,1,0,0,0,0,1,1,1,1,1,0,0,0,0,1,1,1,1,0,0,1,1,0,1,0,1,0,0,1,1,0,1,1,1,1,1,0,1,1,1,0,1,0,1,0,1,0,0,1,1,1
Drug_47,0,1,1,1,0,0,1,1,0,1,0,0,1,0,1,0,0,0,1,0,1,1,0,0,1,1,1,0,1,0,0,0,0,0,1,0,0,0,1,0,0,0,1,0,0,0,0,0,1,0,1,0,1,1,0,0,1,1,1,0,1,0,0,1,0,0,0,1,0,0,0,0,1,0,0,0,0,1,0,0,1,1,1,1,1,1,0,1,1,0,0,0,1,1,0,1,1,0,1,0
Drug_48,0,1,0,1,1,1,1,1,1,1,1,1,0,1,0,0,0,1,1,0,0,1,0,0,0,1,0,1,1,1,1,0,1,1,1,1,0,0,1,0,1,1,0,0,1,0,0,0,1,1,0,0,0,1,0,1,1,1,0,1,0,1,1,1,1,0,1,1,0,1,1,1,1,1,1,0,0,0,0,1,0,1,1,0,0,0,1,0,0,1,1,0,1,1,1,1,0,1,0,0
Drug_49,1,0,0,0,0,1,0,0,0,0,0,1,0,0,0,1,1,0,1,0,0,0,0,0,0,1,1,0,0,0,0,0,0,1,1,1,1,0,1,0,0,0,1,1,1,0,1,1,0,0,0,1,1,0,1,1,1,1,1,1,1,0,1,0,1,0,0,1,1,1,1,1,0,1,1,1,0,0,1,1,1,0,0,0,1,0,1,1,1,1,1,1,1,1,1,1,0,0,0,0
Drug_50,0,0,1,1,0,1,1,1,0,1,1,1,0,0,1,1,0,0,0,1,1,1,0,0,0,1,1,1,1,1,1,0,1,0,0,0,1,1,0,1,1,0,1,0,1,1,0,1,0,0,0,1,0,0,0,1,0,0,0,1,0,0,1,0,0,1,0,0,1,1,0,0,1,1,0,0,0,0,0,1,1,1,1,1,1,0,0,1,1,1,1,1,0,0,1,1,1,1,1,0
Drug_51,0,1,0,0,0,0,0,0,0,1,1,0,0,1,0,1,1,1,0,0,0,1,1,1,1,1,0,0,0,1,1,0,0,0,0,0,1,1,0,0,0,1,0,1,1,0,1,0,0,0,0,1,0,0,0,1,1,1,0,1,1,1,0,1,1,0,0,1,0,1,1,1,0,0,1,1,0,1,0,1,0,1,1,1,1,0,0,0,0,1,0,1,1,1,1,0,1,0,0,0
Drug_52,0,1,1,0,0,0,1,0,1,1,1,0,0,1,1,0,0,0,0,0,0,1,0,0,0,0,1,0,0,1,0,0,0,1,1,1,1,0,1,0,1,0,1,1,1,0,0,0,1,1,1,0,0,0,0,1,1,0,1,0,0,0,0,0,1,0,1,1,1,1,1,1,0,1,0,0,0,1,1,0,1,0,0,1,1,0,0,0,1,1,0,0,0,1,0,0,1,1,1,1
Drug_53,0,1,0,1,0,0,0,1,1,1,0,1,0,0,0,0,1,0,1,1,1,1,0,0,1,0,0,1,1,1,0,1,1,1,0,1,1,0,0,1,0,0,1,0,1,0,1,0,1,0,0,0,0,0,0,0,1,1,1,0,1,0,0,0,0,1,1,0,0,1,0,1,0,0,0,1,0,1,0,0,0,1,0,1,0,0,1,0,0,0,1,0,1,1,1,0,0,1,1,0
Drug_54,1,0,1,0,0,1,1,1,0,0,0,1,1,1,1,1,1,0,1,1,0,0,0,0,0,0,0,0,0,0,1,1,0,0,1,0,0,1,1,0,0,0,1,0,1,0,1,1,0,0,0,0,0,0,1,0,1,1,1,1,0,0,1,1,1,1,0,0,0,1,1,1,1,1,0,1,0,0,1,0,1,0,1,0,1,0,1,1,1,1,0,0,0,0,0,0,0,0,0,1
Drug_55,1,0,1,0,0,0,1,1,1,1,0,0,1,0,0,1,1,1,1,1,0,0,1,1,1,0,1,1,0,1,1,0,1,0,1,1,0,0,1,0,0,0,1,1,0,1,0,0,1,0,0,0,0,1,0,0,0,0,1,1,1,0,1,0,0,0,0,1,0,1,0,1,1,1,0,1,0,0,1,0,0,0,0,0,1,0,0,0,0,1,0,1,1,1,0,0,0,1,1,0
Drug_56,1,0,1,0,1,0,0,0,1,0,1,0,1,0,1,0,1,0,1,1,1,1,0,1,1,0,1,0,1,0,1,0,1,0,0,1,0,1,0,0,0,1,1,1,1,1,0,1,1,1,1,1,0,0,0,0,1,1,1,1,1,1,1,1,0,0,1,1,1,1,1,1,0,0,1,0,0,1,0,1,0,0,1,0,1,0,0,0,1,1,0,0,1,1,0,0,1,1,0,1
Drug_57,0,0,1,1,0,1,1,0,0,1,1,1,0,1,1,1,1,1,1,0,0,0,0,1,1,0,1,0,0,0,0,1,1,1,0,0,0,1,0,1,1,0,0,0,1,1,1,1,1,0,1,1,1,1,0,1,0,0,0,1,1,0,1,0,1,0,1,0,0,1,1,1,1,0,0,0,1,0,1,0,1,0,1,0,0,0,1,1,0,0,1,1,1,0,0,1,0,1,0,1
Drug_58,0,1,0,1,0,1,0,1,0,0,1,1,1,0,0,1,1,0,0,1,1,1,1,1,0,0,0,0,1,0,1,0,1,1,0,0,1,1,0,1,0,0,0,0,0,1,1,1,1,0,1,0,1,1,0,1,0,0,1,0,1,1,0,0,1,0,1,1,0,0,0,0,1,1,1,0,0,1,1,1,1,0,1,1,0,1,0,1,1,0,1,0,0,0,1,0,0,0,0,0
Drug_59,1,0,1,0,1,0,0,1,0,1,1,1,0,1,1,1,0,0,1,0,1,0,0,1,1,0,0,0,1,0,1,0,1,1,0,1,1,1,1,0,0,1,1,0,1,1,1,0,1,0,0,1,1,1,1,1,0,1,0,0,1,0,1,0,1,1,1,0,1,0,0,0,1,1,0,0,1,0,1,0,0,1,0,1,0,1,0,0,1,1,1,0,0,1,1,0,1,0,1,1
Drug_60,0,0,0,1,0,1,1,1,1,1,1,1,1,1,1,1,1,1,1,1,0,0,1,0,0,1,0,0,0,1,1,0,1,1,0,1,1,1,0,0,0,1,0,0,1,0,0,1,1,1,1,0,0,1,1,1,1,0,0,0,0,0,0,1,0,0,0,1,1,1,1,0,0,1,1,1,1,0,1,0,1,1,0,1,0,0,1,1,0,0,1,0,1,0,0,1,1,1,1,0
Drug_61,1,1,0,0,0,0,1,0,0,0,0,1,1,1,0,1,0,1,0,0,1,0,0,0,0,1,1,1,0,1,1,0,1,1,1,0,1,0,1,0,0,0,0,1,1,0,1,0,1,0,1,0,1,0,1,1,1,1,1,0,0,0,0,0,0,1,0,1,0,0,1,0,0,0,1,0,0,1,1,1,1,1,1,0,0,0,0,0,0,1,0,0,0,0,1,0,1,0,1,1
Drug_62,0,1,1,0,1,1,0,0,0,0,0,0,0,1,1,0,0,1,1,1,1,0,1,1,0,1,1,0,1,0,1,1,0,0,0,0,0,0,1,0,1,1,0,0,1,0,0,1,0,0,1,0,0,0,0,1,0,1,0,0,0,0,0,1,1,1,0,0,0,0,0,1,0,1,1,0,0,0,0,0,1,1,1,1,0,1,1,0,1,1,1,0,0,1,1,0,0,1,0,1
Drug_63,1,1,0,1,0,0,1,1,1,1,1,0,0,0,1,1,1,0,0,1,0,1,0,0,0,1,1,1,0,0,0,1,1,1,0,1,0,0,1,0,0,1,1,0,1,0,0,1,1,1,0,0,0,1,1,1,1,0,1,0,0,0,0,0,0,1,1,1,1,1,1,0,1,1,0,0,1,1,0,0,0,0,1,1,1,1,0,0,1,0,1,0,1,1,0,0,0,0,1,1
Drug_64,0,0,1,1,0,1,1,1,0,1,0,1,0,1,0,1,0,0,1,0,1,0,0,1,0,0,1,1,1,1,0,1,0,1,0,0,0,1,0,1,1,0,0,0,1,1,1,1,0,0,1,0,0,1,0,1,0,0,0,1,0,1,0,0,0,1,0,1,1,0,0,1,0,0,0,0,0,1,1,1,1,1,0,0,0,0,0,1,0,1,1,1,0,1,0,0,1,1,1,1
Drug_65,0,1,0,1,0,0,1,0,1,1,1,1,1,1,0,0,0,1,0,0,0,1,1,0,1,1,0,0,0,1,0,1,0,1,0,1,1,0,1,0,0,1,0,1,0,1,0,1,1,0,1,1,0,1,0,0,1,1,1,0,0,1,0,0,0,0,0,0,1,0,0,0,0,0,1,0,0,0,1,1,0,0,0,1,0,0,1,0,1,1,0,0,1,1,1,1,0,1,0,1
Drug_66,1,1,1,0,0,0,0,1,0,1,1,0,1,0,0,1,0,0,0,0,0,1,0,0,0,0,0,1,0,1,1,1,1,0,1,0,0,0,0,0,1,0,0,0,0,1,0,0,0,1,0,0,1,1,0,0,0,0,1,0,1,1,1,1,0,0,1,0,0,1,1,1,0,0,0,0,0,1,1,1,1,1,1,0,1,1,1,0,0,1,0,0,0,0,1,0,0,1,1,0
Drug_67,0,0,0,0,0,1,1,1,1,1,1,0,1,0,0,0,0,0,1,1,1,0,0,0,1,1,1,1,0,0,1,1,0,0,0,1,1,0,0,1,0,1,0,0,0,1,0,1,0,0,0,1,1,0,0,1,1,1,1,0,0,0,1,0,0,1,0,1,1,0,0,0,1,1,0,1,1,1,0,0,1,1,1,0,0,0,1,1,1,1,0,0,1,0,1,1,1,1,0,1
Drug_68,0,1,0,0,1,1,0,0,0,0,0,1,1,1,1,0,0,1,0,1,1,1,0,1,1,1,1,1,1,1,1,1,0,1,1,1,0,0,0,1,0,0,1,0,1,0,1,1,1,0,1,1,0,0,1,1,0,1,0,1,1,0,1,1,0,0,1,0,1,0,0,1,1,0,0,1,0,1,1,0,1,0,0,1,1,0,1,1,0,1,0,1,1,1,0,1,0,0,1,0
Drug_69,1,1,1,1,0,1,0,0,0,1,0,0,0,0,1,1,0,0,1,1,0,1,1,1,1,1,0,0,1,1,1,1,1,0,1,1,1,1,0,1,1,1,0,1,0,0,0,0,1,1,0,1,0,0,0,1,0,0,1,1,0,0,1,1,1,0,1,1,0,0,0,1,0,1,0,0,1,1,1,1,0,0,0,0,0,1,1,0,0,1,0,0,1,1,0,0,1,0,1,0
Drug_70,0,1,0,1,1,1,0,1,0,1,0,0,1,1,0,0,1,0,1,1,0,1,1,0,1,1,1,0,0,0,1,0,1,0,1,0,0,0,1,1,1,1,0,0,0,1,0,1,1,1,1,1,1,1,1,1,1,0,0,1,0,0,1,0,0,1,0,0,0,0,1,0,0,1,1,1,1,0,1,0,0,1,0,0,0,0,1,1,1,0,1,0,0,0,1,1,1,0,0,0
Drug_71,1,1,0,0,0,0,0,1,1,1,1,1,1,1,0,1,0,1,1,0,1,1,1,1,0,0,0,1,1,1,0,1,1,0,1,0,0,1,1,1,1,0,1,0,0,1,0,1,1,0,1,1,0,1,0,1,1,0,0,1,1,0,1,0,0,1,0,0,0,1,0,1,0,0,1,0,0,1,1,0,1,1,1,1,0,0,1,0,0,1,0,1,1,1,1,0,0,0,1,1
Drug_72,0,1,1,1,0,0,1,0,1,0,0,1,1,0,0,0,0,1,1,1,1,0,0,1,1,0,0,1,0,0,0,1,0,0,0,0,0,1,0,1,0,0,1,1,1,0,0,1,1,0,1,1,1,1,1,1,1,0,0,0,0,1,0,1,0,1,0,1,1,0,1,0,1,0,1,1,1,1,0,0,1,0,1,1,1,0,1,1,0,0,1,0,1,0,1,1,1,1,0,0
Drug_73,0,0,1,1,1,0,1,0,0,1,0,1,1,0,1,1,0,1,1,1,0,0,1,0,0,0,0,1,1,0,1,1,0,0,0,0,1,0,1,1,0,0,0,1,1,1,1,1,0,1,0,0,0,1,1,0,1,1,1,0,0,0,1,0,0,0,1,1,0,0,0,1,0,0,1,1,0,1,0,1,1,1,0,0,0,1,0,1,1,0,1,0,1,1,0,0,1,1,1,0
Drug_74,1,0,1,1,0,1,0,0,0,1,0,1,1,1,0,1,0,0,1,1,1,1,0,0,1,1,1,0,0,0,0,0,0,0,0,1,0,0,0,0,0,0,1,1,0,0,0,1,1,1,0,1,0,1,1,0,0,1,1,1,0,1,1,0,0,0,1,0,1,1,0,0,0,0,0,0,0,0,0,0,1,1,1,1,0,0,1,1,1,1,1,0,0,1,0,1,0,1,0,0
Drug_75,1,1,1,1,0,0,0,0,1,1,1,0,0,1,1,0,0,1,1,0,0,1,0,0,0,0,1,1,0,1,1,0,0,0,0,1,1,1,0,1,1,1,1,0,0,1,0,1,1,0,1,0,0,0,0,1,0,1,0,1,1,1,0,0,1,0,0,0,0,1,1,1,1,0,0,1,0,1,0,0,1,1,1,1,1,1,1,0,0,1,0,0,1,1,1,0,1,0,0,0
Drug_76,1,1,0,0,1,0,0,0,0,0,0,0,0,0,1,1,0,1,0,1,1,1,0,0,1,0,1,0,0,0,1,1,1,0,1,0,0,0,1,0,0,0,1,1,1,0,0,0,1,0,1,0,1,1,1,0,0,0,0,1,0,0,0,0,0,0,1,1,0,1,0,1,1,0,1,0,0,0,0,1,1,0,0,0,1,1,1,0,1,1,1,1,1,0,0,1,0,1,0,1
Drug_77,1,1,1,1,0,0,0,1,0,0,0,1,1,0,0,0,1,1,1,1,0,1,0,1,1,1,1,0,1,0,1,1,1,1,1,0,1,0,1,0,0,0,0,0,0,0,0,0,0,0,0,0,0,0,0,0,1,0,1,1,0,0,1,0,0,0,1,0,1,1,0,1,0,0,0,0,0,1,1,0,0,1,1,0,1,0,0,1,1,0,0,0,1,0,1,0,1,0,1,1
Drug_78,1,1,1,0,0,0,1,0,0,1,1,0,1,1,0,1,1,0,1,1,0,1,0,0,0,0,1,1,0,0,0,1,1,0,1,1,0,1,1,0,1,0,0,1,0,1,1,0,0,0,1,1,1,0,0,1,0,1,0,0,1,0,1,1,0,1,1,1,1,0,1,1,1,0,1,0,1,0,1,1,1,1,1,1,0,0,1,1,0,1,0,0,1,0,1,1,0,0,0,1
Drug_79,0,1,1,0,1,0,0,0,1,1,0,1,0,1,1,0,0,1,0,0,1,1,1,1,1,0,1,1,0,0,0,0,0,1,1,1,1,1,1,0,1,1,1,1,0,1,0,0,1,0,0,1,0,1,1,0,1,1,1,1,1,0,0,1,1,1,0,1,1,1,1,0,0,0,0,0,1,1,0,1,0,1,1,1,0,0,0,0,1,1,0,1,0,1,0,0,1,0,0,0
Drug_80,0,0,1,0,1,1,0,1,1,0,1,1,1,1,1,1,1,1,1,1,1,0,1,0,1,0,1,1,1,0,0,1,1,1,0,0,0,0,0,0,1,1,0,1,1,0,0,1,1,1,1,0,0,0,0,1,0,1,0,0,1,0,0,1,1,1,0,0,1,0,0,0,1,0,0,1,0,1,1,0,1,1,1,0,1,0,0,1,0,1,0,0,0,1,1,1,1,1,0,1
Drug_81,1,1,0,1,1,1,0,0,0,0,1,1,1,0,1,0,1,1,1,0,1,0,0,1,1,1,1,0,1,0,1,0,0,0,0,1,0,0,1,1,1,0,0,0,1,1,1,0,1,1,0,1,0,1,0,0,1,1,0,1,1,1,0,1,0,1,1,1,0,0,1,1,1,1,1,1,0,1,0,1,0,1,1,1,0,1,0,1,1,1,1,0,0,1,1,1,1,1,1,0
Drug_82,1,0,0,1,0,1,0,1,1,0,0,1,0,1,1,1,0,0,0,0,1,1,0,0,0,1,0,0,1,1,1,1,0,0,0,1,1,1,0,0,1,0,0,1,0,1,1,1,0,1,1,0,1,0,0,0,0,0,1,1,1,1,0,1,0,1,1,0,0,1,1,0,1,1,1,0,1,1,1,1,1,0,1,1,1,0,0,1,0,1,0,0,0,0,1,0,0,1,1,0
Drug_83,0,1,0,0,1,1,0,0,0,1,1,0,1,0,1,1,0,1,1,0,1,1,1,0,0,0,0,0,1,0,0,1,1,0,0,0,1,0,0,1,0,1,0,0,0,1,1,1,0,1,1,0,0,1,0,1,1,1,0,0,1,1,1,0,0,1,1,0,0,0,1,1,0,1,1,0,1,1,1,1,1,1,0,1,1,0,0,0,0,0,0,0,0,0,0,1,0,0,0,1
Drug_84,0,1,1,1,0,0,1,0,1,0,0,1,1,0,1,0,1,0,1,1,1,0,1,0,0,1,1,1,0,1,0,1,1,0,0,0,0,1,1,1,1,0,0,1,1,1,1,0,0,1,1,1,1,0,0,0,0,1,1,1,0,1,1,0,1,0,0,1,0,0,1,1,0,1,1,0,0,1,1,0,1,1,1,0,1,1,0,1,1,1,1,1,0,0,1,0,1,1,1,0
Drug_85,1,1,0,0,0,1,1,0,0,0,1,0,1,0,0,0,0,1,1,0,1,1,0,0,0,1,0,0,0,0,0,1,0,0,0,1,1,0,1,0,1,0,0,1,0,1,1,0,1,1,1,1,0,1,1,1,0,0,0,0,0,0,1,0,0,1,0,1,0,0,0,1,0,0,1,1,1,0,0,1,0,1,1,1,0,1,1,0,1,0,1,0,1,0,1,0,0,1,0,0
Drug_86,1,0,0,1,1,1,1,0,0,0,0,0,1,1,0,0,0,0,1,0,0,0,0,0,1,0,0,0,0,0,0,1,1,0,1,1,0,1,0,1,1,1,0,0,1,0,1,0,0,0,0,0,0,0,0,0,0,1,1,0,0,1,1,0,0,1,0,0,1,0,0,0,1,0,1,1,0,0,0,0,1,0,0,1,1,0,1,1,0,0,0,0,1,1,0,1,0,0,0,1
Drug_87,0,1,1,0,1,1,1,1,1,0,1,1,1,1,1,1,1,0,0,0,0,1,0,0,0,0,1,1,1,1,0,1,0,1,1,0,0,1,0,1,0,1,0,0,0,1,0,1,1,0,0,0,1,1,0,0,1,0,0,1,0,1,0,0,1,1,1,1,1,1,1,1,0,1,1,1,0,1,0,0,0,0,0,0,1,1,0,1,0,1,1,0,1,1,1,1,0,0,0,1
Drug_88,0,0,0,1,0,0,1,0,0,1,0,1,1,0,0,1,1,0,1,0,0,0,0,1,0,1,0,0,1,1,0,0,0,1,1,0,1,1,0,1,0,0,0,1,0,1,1,0,1,1,0,0,0,1,0,0,1,1,0,1,0,0,0,1,0,0,1,1,0,1,0,1,1,1,0,0,1,1,0,1,1,1,0,1,0,1,1,0,1,0,1,1,1,1,0,0,1,1,0,1
Drug_89,0,1,0,1,0,0,0,1,0,1,0,0,0,0,0,0,0,1,1,0,0,1,0,1,1,1,1,0,0,0,0,0,1,1,1,1,1,1,1,1,1,0,0,1,1,1,1,0,1,1,0,1,0,1,0,1,0,1,1,0,0,1,1,0,1,0,1,0,0,1,0,0,1,1,0,1,1,0,1,0,1,0,0,1,1,0,0,1,0,1,0,0,0,1,0,1,1,0,1,1
Drug_90,0,1,1,1,1,0,1,1,1,1,0,1,1,1,1,0,1,0,1,1,1,1,1,1,0,0,1,1,0,0,0,0,1,0,0,1,0,0,1,0,0,0,1,1,1,0,0,1,1,1,1,1,0,1,1,1,0,0,1,0,1,1,0,1,1,1,1,1,1,0,1,0,0,1,1,1,0,1,1,1,1,1,0,1,0,0,1,0,1,0,0,1,0,0,0,0,0,0,1,1
Drug_91,1,0,0,1,1,0,0,0,1,0,0,1,1,1,0,0,0,1,1,1,0,1,1,0,1,0,0,0,1,1,1,0,0,1,1,1,0,0,0,1,0,1,0,0,1,1,0,1,1,1,0,0,1,0,0,0,1,1,1,1,0,1,1,1,0,0,0,0,0,1,0,1,1,1,0,1,0,0,0,0,1,0,0,1,1,0,1,1,0,0,0,0,1,1,1,0,0,1,0,1
Drug_92,0,0,1,1,1,0,1,1,0,0,1,1,1,0,0,0,0,0,1,1,1,1,1,1,0,1,0,1,0,1,0,1,0,1,1,0,0,1,1,0,1,1,1,0,0,0,0,0,1,1,1,0,0,0,1,0,1,0,0,0,0,0,0,1,0,0,0,1,0,0,1,0,0,0,0,1,0,0,1,0,0,0,0,1,0,0,0,1,0,1,0,0,0,1,0,0,1,0,0,0
Drug_93,0,1,0,0,0,0,1,1,1,1,0,0,0,1,0,1,0,1,0,0,0,1,1,0,1,0,0,0,1,1,1,1,0,0,0,1,0,0,1,0,1,1,0,0,0,1,1,1,1,0,1,0,1,0,1,1,1,0,0,1,0,0,1,0,1,0,1,1,1,0,1,1,1,0,1,1,1,1,0,0,0,0,0,0,1,1,1,1,0,0,1,0,0,0,0,1,0,1,0,0
Drug_94,0,1,0,0,1,1,1,1,1,1,0,0,1,1,0,0,0,1,0,1,1,0,0,1,1,0,0,0,0,1,0,0,1,0,0,1,1,1,1,0,1,1,1,0,1,0,1,1,1,0,1,1,1,0,1,1,0,0,1,0,0,1,1,1,1,0,0,1,1,0,1,0,1,1,1,0,0,0,1,1,1,0,0,0,0,1,1,1,1,0,1,1,0,0,0,0,0,0,1,0
Drug_95,1,1,1,1,1,1,1,0,1,1,0,0,0,1,1,1,0,1,0,0,0,1,0,0,0,0,0,1,1,1,1,0,0,0,1,1,1,0,0,1,0,0,0,0,1,1,0,1,1,1,1,0,1,0,0,0,0,1,1,0,1,1,0,0,1,1,1,0,0,1,1,1,0,0,1,0,1,1,0,1,1,1,0,1,1,0,1,0,0,0,1,0,0,0,0,1,0,0,0,0
Drug_96,0,0,0,0,0,1,0,0,0,1,0,1,1,1,1,1,0,0,0,0,1,1,1,0,0,0,1,1,1,0,1,1,0,1,1,0,1,1,1,1,1,0,0,1,0,0,1,1,1,1,0,0,0,0,0,0,1,0,0,1,0,0,0,0,1,0,1,1,0,1,0,1,0,1,0,1,0,1,0,1,1,0,1,0,0,1,1,0,1,0,0,0,1,0,1,0,1,0,0,0
Drug_97,1,0,1,1,0,1,1,1,1,0,1,1,0,0,1,0,1,0,1,1,1,0,0,1,0,0,0,0,0,1,1,1,1,1,1,1,1,0,1,0,1,1,1,0,0,0,1,0,0,1,1,1,0,0,0,1,0,0,1,1,1,0,0,1,0,0,1,0,1,1,0,1,1,0,1,0,1,0,1,1,1,0,0,1,0,0,0,1,1,0,0,1,0,0,0,1,0,1,1,1
Drug_98,1,1,1,0,1,1,0,1,0,0,0,1,1,1,1,0,1,0,0,1,0,0,0,1,1,0,0,0,0,0,1,1,1,0,1,0,0,0,1,1,1,0,1,1,1,1,0,1,0,1,0,1,1,0,1,1,1,0,0,1,0,1,0,1,1,1,1,0,0,0,0,1,1,1,0,1,0,0,0,1,1,1,0,1,1,0,0,1,0,0,1,0,1,0,0,0,1,0,1,0
Drug_99,1,0,1,0,0,1,1,0,1,1,1,1,1,1,0,0,1,1,1,0,0,0,1,1,1,0,1,1,0,1,0,1,1,1,1,0,1,1,0,1,1,1,1,1,0,1,1,0,0,1,0,1,1,0,1,0,0,0,1,1,1,0,1,1,0,1,0,1,1,0,1,0,1,0,0,0,1,0,0,0,1,1,0,1,0,0,0,0,1,1,0,0,0,1,0,0,1,1,0,0
Drug_100,1,1,1,1,0,1,1,1,0,1,0,0,1,0,0,0,1,1,1,0,1,1,0,0,0,0,1,1,0,0,0,1,1,0,1,1,1,1,1,0,1,1,0,1,0,1,0,0,0,0,0,1,0,1,0,1,1,0,1,0,1,1,1,1,1,0,1,0,0,0,1,0,0,0,0,1,1,1,0,1,0,0,1,0,0,1,1,1,1,1,1,0,0,0,0,0,1,0,0,0
